Id,Url,DataCreated,Description,PublicId,TagId
1,images/products/sb-core2.png,0001-01-01 00:00:00,Pellentesque habitant morbi tristique senectus et netus et malesuada fames ac turpis egestas. Proin pharetra nonummy pede. Mauris et orci.,,1
2,images/products/boot-core1.png,0001-01-01 00:00:00,Pellentesque habitant morbi tristique senectus et netus et malesuada fames ac turpis egestas. Proin pharetra nonummy pede. Mauris et orci.,,3
3,images/products/boot-core2.png,0001-01-01 00:00:00,"Lorem ipsum dolor sit amet, consectetuer adipiscing elit. Maecenas porttitor congue massa. Fusce posuere, magna sed pulvinar ultricies, purus lectus malesuada libero, sit amet commodo magna eros quis urna.",,3
4,images/products/boot-redis1.png,0001-01-01 00:00:00,"Suspendisse dui purus, scelerisque at, vulputate vitae, pretium mattis, nunc. Mauris eget neque at sem venenatis eleifend. Ut nonummy.",,3
5,images/products/glove-react2.png,0001-01-01 00:00:00,Pellentesque habitant morbi tristique senectus et netus et malesuada fames ac turpis egestas. Proin pharetra nonummy pede. Mauris et orci.,,4
6,images/products/glove-react1.png,0001-01-01 00:00:00,"Lorem ipsum dolor sit amet, consectetuer adipiscing elit. Maecenas porttitor congue massa.",,4
7,images/products/glove-code2.png,0001-01-01 00:00:00,Pellentesque habitant morbi tristique senectus et netus et malesuada fames ac turpis egestas. Proin pharetra nonummy pede. Mauris et orci.,,4
8,images/products/glove-code1.png,0001-01-01 00:00:00,Nunc viverra imperdiet enim. Fusce est. Vivamus a tellus.,,4
9,images/products/hat-react2.png,0001-01-01 00:00:00,"Fusce posuere, magna sed pulvinar ultricies, purus lectus malesuada libero, sit amet commodo magna eros quis urna.",,2
10,images/products/hat-react1.png,0001-01-01 00:00:00,"Suspendisse dui purus, scelerisque at, vulputate vitae, pretium mattis, nunc. Mauris eget neque at sem venenatis eleifend. Ut nonummy.",,2
11,images/products/hat-core1.png,0001-01-01 00:00:00,"Fusce posuere, magna sed pulvinar ultricies, purus lectus malesuada libero, sit amet commodo magna eros quis urna.",,2
12,images/products/sb-ts1.png,0001-01-01 00:00:00,Aenean nec lorem. In porttitor. Donec laoreet nonummy augue.,,1
13,images/products/sb-react1.png,0001-01-01 00:00:00,"Lorem ipsum dolor sit amet, consectetuer adipiscing elit. Maecenas porttitor congue massa. Fusce posuere, magna sed pulvinar ultricies, purus lectus malesuada libero, sit amet commodo magna eros quis urna.",,1
14,images/products/sb-ang1.png,0001-01-01 00:00:00,"Lorem ipsum dolor sit amet, consectetuer adipiscing elit. Maecenas porttitor congue massa. Fusce posuere, magna sed pulvinar ultricies, purus lectus malesuada libero, sit amet commodo magna eros quis urna.",,1
15,images/products/sb-ang2.png,0001-01-01 00:00:00,Nunc viverra imperdiet enim. Fusce est. Vivamus a tellus.,,1
16,images/products/sb-core1.png,0001-01-01 00:00:00,"Suspendisse dui purus, scelerisque at, vulputate vitae, pretium mattis, nunc. Mauris eget neque at sem venenatis eleifend. Ut nonummy.",,1
17,images/products/boot-ang2.png,0001-01-01 00:00:00,Aenean nec lorem. In porttitor. Donec laoreet nonummy augue.,,3
18,images/products/boot-ang1.png,0001-01-01 00:00:00,"Suspendisse dui purus, scelerisque at, vulputate vitae, pretium mattis, nunc. Mauris eget neque at sem venenatis eleifend. Ut nonummy.",,3
19,http://res.cloudinary.com/dzgeffn1u/image/upload/v1600034073/riqif572maltyvos6cx1.gif,0001-01-01 00:00:00,fkoewgmorgowrmgo,riqif572maltyvos6cx1,0
20,http://res.cloudinary.com/dzgeffn1u/image/upload/v1600068582/pd7aqqbrwcl79o2uurxi.gif,0001-01-01 00:00:00,fkoewgmorgowrmgo,pd7aqqbrwcl79o2uurxi,3
21,http://res.cloudinary.com/dzgeffn1u/image/upload/v1600068788/jjplvfl50idxxmlxx6yh.gif,0001-01-01 00:00:00,fkoewgmorgowrmgo,jjplvfl50idxxmlxx6yh,0
22,http://res.cloudinary.com/dzgeffn1u/image/upload/v1600068855/ykpquiujwo01gdgws4kf.gif,0001-01-01 00:00:00,fkoewgmorgowrmgo,ykpquiujwo01gdgws4kf,0
23,http://res.cloudinary.com/dzgeffn1u/image/upload/v1600068880/o2ptigbbdcqzpdiwkp3g.gif,0001-01-01 00:00:00,fkoewgmorgowrmgo,o2ptigbbdcqzpdiwkp3g,0
24,http://res.cloudinary.com/dzgeffn1u/image/upload/v1600069033/slwx6xc76rhyfzcfp77o.gif,0001-01-01 00:00:00,fkoewgmorgowrmgo,slwx6xc76rhyfzcfp77o,0
25,http://res.cloudinary.com/dzgeffn1u/image/upload/v1600115123/bzmwqgvxd0aubp59molx.gif,0001-01-01 00:00:00,fkoewgmorgowrmgo,bzmwqgvxd0aubp59molx,0
26,http://res.cloudinary.com/dzgeffn1u/image/upload/v1600115733/k4t2htwhxmzegc1z8swm.gif,0001-01-01 00:00:00,fkoewgmorgowrmgo,k4t2htwhxmzegc1z8swm,0
27,http://res.cloudinary.com/dzgeffn1u/image/upload/v1600116132/qkgeh1gwp4uy4jnko3sr.gif,0001-01-01 00:00:00,fkoewgmorgowrmgo,qkgeh1gwp4uy4jnko3sr,0
28,http://res.cloudinary.com/dzgeffn1u/image/upload/v1600116959/ikvf41ur57ljexsf0b5l.gif,0001-01-01 00:00:00,fkoewgmorgowrmgo,ikvf41ur57ljexsf0b5l,0
29,http://res.cloudinary.com/dzgeffn1u/image/upload/v1600239333/d1hrh16t0sxcddko0cm3.gif,0001-01-01 00:00:00,fkoewgmorgowrmgo,d1hrh16t0sxcddko0cm3,0
30,http://res.cloudinary.com/dzgeffn1u/image/upload/v1600239840/cmsiyzcocdl6zzmfmwts.gif,0001-01-01 00:00:00,fkoewgmorgowrmgo,cmsiyzcocdl6zzmfmwts,0
31,http://res.cloudinary.com/dzgeffn1u/image/upload/v1600239967/brapahp517rihlidesmg.gif,0001-01-01 00:00:00,fkoewgmorgowrmgo,brapahp517rihlidesmg,0
32,http://res.cloudinary.com/dzgeffn1u/image/upload/v1600240461/gfisq7y6pnhgxzeap90g.gif,0001-01-01 00:00:00,,gfisq7y6pnhgxzeap90g,0
33,http://res.cloudinary.com/dzgeffn1u/image/upload/v1600241009/jcncvdbsfgm3ibg9svpn.gif,0001-01-01 00:00:00,fkoewgmorgowrmgo,jcncvdbsfgm3ibg9svpn,1
34,http://res.cloudinary.com/dzgeffn1u/image/upload/v1600241500/wnjgotoercfp12l26yc1.gif,0001-01-01 00:00:00,fkoewgmorgowrmgo,wnjgotoercfp12l26yc1,1
35,http://res.cloudinary.com/dzgeffn1u/image/upload/v1600241514/vbwifpfjitqzczlftmio.gif,0001-01-01 00:00:00,fkoewgmorgowrmgo,vbwifpfjitqzczlftmio,0
36,http://res.cloudinary.com/dzgeffn1u/image/upload/v1600241538/ovatnabntqqqnji9ldpw.gif,0001-01-01 00:00:00,fkoewgmorgowrmgo,ovatnabntqqqnji9ldpw,0
37,http://res.cloudinary.com/dzgeffn1u/image/upload/v1600241562/bz7qzsdp5slutc37zzj1.gif,0001-01-01 00:00:00,fkoewgmorgowrmgo,bz7qzsdp5slutc37zzj1,1
38,http://res.cloudinary.com/dzgeffn1u/image/upload/v1600241599/t0md1bptduafinmtnivt.gif,0001-01-01 00:00:00,fkoewgmorgowrmgo,t0md1bptduafinmtnivt,1
39,http://res.cloudinary.com/dzgeffn1u/image/upload/v1600241795/eszltunjz67zznuquuqf.gif,0001-01-01 00:00:00,fkoewgmorgowrmgo,eszltunjz67zznuquuqf,1
40,http://res.cloudinary.com/dzgeffn1u/image/upload/v1600241972/jhmcjub4u7y4roe8seip.gif,0001-01-01 00:00:00,fkoewgmorgowrmgo,jhmcjub4u7y4roe8seip,1
41,http://res.cloudinary.com/dzgeffn1u/image/upload/v1600242123/b71t4dgmykl99cp0ae8e.gif,0001-01-01 00:00:00,fkoewgmorgowrmgo,b71t4dgmykl99cp0ae8e,1
42,http://res.cloudinary.com/dzgeffn1u/image/upload/v1600242652/vurwvfrtfwp6hf4di8zb.gif,0001-01-01 00:00:00,  im tired of this test,vurwvfrtfwp6hf4di8zb,2
43,http://res.cloudinary.com/dzgeffn1u/image/upload/v1600246476/bnnqbhvxtr1ba7qes51s.gif,0001-01-01 00:00:00,  im tired of this test,bnnqbhvxtr1ba7qes51s,4
44,http://res.cloudinary.com/dzgeffn1u/image/upload/v1600247753/evl27a2hd20fuezlgv5j.gif,0001-01-01 00:00:00,m tired of this test,evl27a2hd20fuezlgv5j,3
45,http://res.cloudinary.com/dzgeffn1u/image/upload/v1603318023/dxmgxszlbxmfbglkyxji.png,0001-01-01 00:00:00,,dxmgxszlbxmfbglkyxji,0
46,http://res.cloudinary.com/dzgeffn1u/image/upload/v1603319567/r9txtwmlfy9yogqszuv7.jpg,0001-01-01 00:00:00,,r9txtwmlfy9yogqszuv7,0
47,http://res.cloudinary.com/dzgeffn1u/image/upload/v1603319718/xkqz0s3psenu3cb6q1rd.jpg,0001-01-01 00:00:00,,xkqz0s3psenu3cb6q1rd,0
48,http://res.cloudinary.com/dzgeffn1u/image/upload/v1603319720/pl3obxoiolcrc78wq0ym.jpg,0001-01-01 00:00:00,,pl3obxoiolcrc78wq0ym,0
49,http://res.cloudinary.com/dzgeffn1u/image/upload/v1603319728/f3ytribafsqn5jbfmynu.png,0001-01-01 00:00:00,,f3ytribafsqn5jbfmynu,4
50,http://res.cloudinary.com/dzgeffn1u/image/upload/v1603322014/ogdqsg9zjul5lvhiogdj.png,2020-10-22 00:13:35.676873,trying datetime,ogdqsg9zjul5lvhiogdj,3
52,http://res.cloudinary.com/dzgeffn1u/image/upload/v1604089135/vvspqenwqbgyoyitiuq4.jpg,2020-10-30 20:18:56.315611,adding functionality,vvspqenwqbgyoyitiuq4,3
53,http://res.cloudinary.com/dzgeffn1u/image/upload/v1604089260/njoq7korvju9cmwskk7i.jpg,2020-10-30 20:21:00.88896,adding functionality,njoq7korvju9cmwskk7i,2
54,http://res.cloudinary.com/dzgeffn1u/image/upload/v1604090662/y48kgvr9ungbteyrk9rf.jpg,2020-10-30 20:44:24.834743,adding functionality,y48kgvr9ungbteyrk9rf,2
55,http://res.cloudinary.com/dzgeffn1u/image/upload/v1604090969/n9azzfrxqwdcgyg0pbg7.jpg,2020-10-30 20:49:31.438051,,n9azzfrxqwdcgyg0pbg7,0
56,http://res.cloudinary.com/dzgeffn1u/image/upload/v1604182033/sc6t4rvkwislx4dqybgx.jpg,2020-10-31 22:07:14.059775,,sc6t4rvkwislx4dqybgx,0
57,http://res.cloudinary.com/dzgeffn1u/image/upload/v1604530533/bvenvdvgfulwwuga0art.jpg,2020-11-04 22:55:34.525025,,bvenvdvgfulwwuga0art,3
58,http://res.cloudinary.com/dzgeffn1u/image/upload/v1604530666/pojwsvrwghmdrhriydrd.jpg,2020-11-04 22:57:46.95094,,pojwsvrwghmdrhriydrd,2
